,contact_threashold,contacts_count,spearman_zmip_evol_nat,par_positions_count,auc_nat,auc_nat_01,auc,auc_01
1,1.0,788.0,0.17824850788447177,2415.0,0.741666813182397,0.6422683249960721,0.5555625324950959,0.5255161354743854
2,16.0,282.0,0.17824850788447177,2415.0,0.8351921505517194,0.7208781195853826,0.5660846946986283,0.546165558793161
3,32.0,216.0,0.17824850788447177,2415.0,0.8616128048291031,0.7549871124480958,0.5510884746905552,0.5510323255973038
4,48.0,144.0,0.17824850788447177,2415.0,0.8693685683122303,0.7622112033414137,0.5248968558827714,0.5515346757597799
5,64.0,4.0,0.17824850788447177,2415.0,0.9542063820969748,0.7571304264832102,0.8584749274761707,0.7095334317604082
