,contact_threashold,contacts_count,spearman_zmip_evol_nat,par_positions_count,auc_nat,auc_nat_01,auc,auc_01
1,1.0,788.0,0.180196129321,2415.0,0.747800380271,0.667225375931,0.560427691975,0.527524358452
