,contact_threashold,contacts_count,spearman_zmip_evol_nat,par_positions_count,auc_nat,auc_nat_01,auc,auc_01
1,1.0,788.0,0.1851723935595515,2415.0,0.741666813182397,0.6422683249960721,0.5566287483956528,0.5245957290240929
2,16.0,282.0,0.1851723935595515,2415.0,0.8351921505517194,0.7208781195853826,0.5706787177903778,0.5486231926222114
3,32.0,216.0,0.1851723935595515,2415.0,0.8616128048291031,0.7549871124480958,0.5569161489187497,0.5515984140268786
4,48.0,144.0,0.1851723935595515,2415.0,0.8693685683122303,0.7622112033414137,0.5325378195096506,0.5526387359075969
5,64.0,4.0,0.1851723935595515,2415.0,0.9542063820969748,0.7571304264832102,0.8646912556983009,0.7094691424874151
