,top,par_positions,nat_contact,nat_contact_%,evol_contact,evol_contact_%,match_positions
1,0.5,12.0,8,66.6666666667,4,33.3333333333,2
2,1,24,19,79,7,29,2
3,2,48,35,72,16,33,6
4,3,72,51,70,23,31,10
5,4,96,70,72,27,28,13
6,5,120,84,70,35,29,20
