,top,par_positions,nat_contact,nat_contact_%,evol_contact,evol_contact_%,match_positions
1,0.5,12.0,10,83.3333333333,4,33.3333333333,2
2,1,24,21,87,8,33,3
3,2,48,41,85,16,33,6
4,3,72,60,83,23,31,11
5,4,96,80,83,29,30,15
6,5,120,93,77,36,30,20
