,contact_threashold,contacts_count,spearman_zmip_evol_nat,par_positions_count,auc_nat,auc_nat_01,auc,auc_01
1,1.0,788.0,0.1919754621020593,2415.0,0.741666813182397,0.6422683249960721,0.5591643077634081,0.5262526312684044
2,16.0,282.0,0.1919754621020593,2415.0,0.8351921505517194,0.7208781195853826,0.5739877866976053,0.5487643156446493
3,32.0,216.0,0.1919754621020593,2415.0,0.8616128048291031,0.7549871124480958,0.5563622790540865,0.5561498336427262
4,48.0,144.0,0.1919754621020593,2415.0,0.8693685683122303,0.7622112033414137,0.5357506994830938,0.5545490770042982
5,64.0,4.0,0.1919754621020593,2415.0,0.9542063820969748,0.7571304264832102,0.8338168255283879,0.715207243772487
