,top,par_positions,nat_contact,nat_contact_%,evol_contact,evol_contact_%,match_positions
1,0.5,12.0,5,41.6666666667,2,16.6666666667,1
2,1,24,11,45,4,16,2
3,2,48,21,43,7,14,5
4,3,72,30,41,9,12,6
5,4,96,36,37,10,10,7
6,5,120,42,35,10,8,8
