,top,par_positions,nat_contact,nat_contact_%,evol_contact,evol_contact_%,match_positions
1,0.5,12.0,10,83.3333333333,2,16.6666666667,1
2,1,24,21,87,8,33,3
3,2,48,41,85,15,31,6
4,3,72,60,83,21,29,9
5,4,96,80,83,29,30,16
6,5,120,93,77,35,29,19
