,top,par_positions,nat_contact,nat_contact_%,evol_contact,evol_contact_%,match_positions
1,0.5,12.0,8,66.6666666667,2,16.6666666667,1
2,1,24,19,79,8,33,2
3,2,48,35,72,15,31,6
4,3,72,51,70,21,29,9
5,4,96,70,72,28,29,13
6,5,120,84,70,35,29,19
