,top,par_positions,nat_contact,nat_contact_%,evol_contact,evol_contact_%,match_positions
1,0.5,12.0,8,66.6666666667,2,16.6666666667,1
2,1,24,17,70,4,16,2
3,2,48,31,64,8,16,5
4,3,72,41,56,13,18,8
5,4,96,54,56,17,17,11
6,5,120,61,50,18,15,13
