,top,par_positions,nat_contact,nat_contact_%,evol_contact,evol_contact_%,match_positions
1,0.5,12.0,8,66.6666666667,2,16.6666666667,1
2,1,24,17,70,3,12,2
3,2,48,31,64,9,18,5
4,3,72,41,56,12,16,7
5,4,96,54,56,15,15,10
6,5,120,61,50,19,15,14
