,top,par_positions,nat_contact,nat_contact_%,evol_contact,evol_contact_%,match_positions
1,0.5,12.0,10,83.3333333333,1,8.33333333333,1
2,1,24,21,87,5,20,1
3,2,48,41,85,16,33,6
4,3,72,60,83,21,29,8
5,4,96,80,83,28,29,16
6,5,120,93,77,34,28,21
