,top,par_positions,nat_contact,nat_contact_%,evol_contact,evol_contact_%,match_positions
1,0.5,12.0,8,66.6666666667,1,8.33333333333,1
2,1,24,17,70,2,8,1
3,2,48,31,64,10,20,5
4,3,72,41,56,13,18,7
5,4,96,54,56,15,15,10
6,5,120,61,50,19,15,15
