,top,par_positions,nat_contact,nat_contact_%,evol_contact,evol_contact_%,match_positions
1,0.5,12.0,8,66.6666666667,1,8.33333333333,1
2,1,24,19,79,5,20,1
3,2,48,35,72,16,33,6
4,3,72,51,70,20,27,8
5,4,96,70,72,25,26,12
6,5,120,84,70,34,28,21
