,top,par_positions,nat_contact,nat_contact_%,evol_contact,evol_contact_%,match_positions
1,0.5,12.0,8,66.6666666667,2,16.6666666667,1
2,1,24,17,70,4,16,2
3,2,48,31,64,9,18,6
4,3,72,41,56,13,18,8
5,4,96,54,56,16,16,12
6,5,120,61,50,20,16,15
