,contact_threashold,contacts_count,spearman_zmip_evol_nat,par_positions_count,auc_nat,auc_nat_01,auc,auc_01
1,1.0,788.0,0.17774566463399988,2415.0,0.741666813182397,0.6422683249960721,0.5566990759462195,0.5250620007221252
2,16.0,282.0,0.17774566463399988,2415.0,0.8351921505517194,0.7208781195853826,0.5677251944584791,0.5443087947028471
3,32.0,216.0,0.17774566463399988,2415.0,0.8616128048291031,0.7549871124480958,0.5517507103983047,0.5476172349715829
4,48.0,144.0,0.17774566463399988,2415.0,0.8693685683122303,0.7622112033414137,0.5264677289325177,0.5491704713777535
5,64.0,4.0,0.17774566463399988,2415.0,0.9542063820969748,0.7571304264832102,0.855159552424368,0.7075076127536601
