,contact_threashold,contacts_count,spearman_zmip_evol_nat,par_positions_count,auc_nat,auc_nat_01,auc,auc_01
1,1.0,788.0,0.205496495276,2415.0,0.747800380271,0.667225375931,0.557848177889,0.528779695551
