,contact_threashold,contacts_count,spearman_zmip_evol_nat,par_positions_count,auc_nat,auc_nat_01,auc,auc_01
1,1.0,788.0,0.20930809852139431,2415.0,0.741666813182397,0.6422683249960721,0.5538445309026793,0.5261447837633301
2,16.0,282.0,0.20930809852139431,2415.0,0.8351921505517194,0.7208781195853826,0.580942757162372,0.5455449365407659
3,32.0,216.0,0.20930809852139431,2415.0,0.8616128048291031,0.7549871124480958,0.5652482781871598,0.5522302703798604
4,48.0,144.0,0.20930809852139431,2415.0,0.8693685683122303,0.7622112033414137,0.5463852136387347,0.552421083536442
5,64.0,4.0,0.20930809852139431,2415.0,0.9542063820969748,0.7571304264832102,0.8445917944467468,0.6929773998076241
